Classifier,Accuracy,Log Loss
RandomForest,83.23889754577328,0.3792706006117975
